,Event Type,Event ID,Event Time (UTC),Duration (s),Extra Data
0,Eclipse,Exit,2024-11-06 05:51:11.553002000,0.0,{'Start Time': 0.0}
1,GS_pass,AOS,2024-11-06 05:53:31.357457462,302.1196051979469,"{'TCA': '2024-11-06T05:56:02.617551970', 'MAX_EL': 8.056425594697455, 'GS_NAME': 'KSAT', 'Pass_ID': 'KSAT01', 'LOS': '2024-11-06T05:58:33.477062660'}"
2,GS_pass,LOS,2024-11-06 05:58:33.477062660,302.1196051979469,"{'TCA': '2024-11-06T05:56:02.617551970', 'MAX_EL': 8.056425594697455, 'GS_NAME': 'KSAT', 'Pass_ID': 'KSAT01', 'AOS': None}"
3,GS_pass,AOS,2024-11-06 06:12:13.932837288,360.6719029283677,"{'TCA': '2024-11-06T06:15:14.006888334', 'MAX_EL': 10.154349836399039, 'GS_NAME': 'CLN01', 'Pass_ID': 'CLN0101', 'LOS': '2024-11-06T06:18:14.604740217'}"
4,GS_pass,LOS,2024-11-06 06:18:14.604740217,360.6719029283677,"{'TCA': '2024-11-06T06:15:14.006888334', 'MAX_EL': 10.154349836399039, 'GS_NAME': 'CLN01', 'Pass_ID': 'CLN0101', 'AOS': None}"
5,Eclipse,Entry,2024-11-06 06:52:56.749835000,2079.644179272472,"{'End Time': datetime.datetime(2024, 11, 6, 7, 27, 36, 394014)}"
6,Eclipse,Exit,2024-11-06 07:27:36.394014000,2079.644179272472,"{'Start Time': datetime.datetime(2024, 11, 6, 6, 52, 56, 749835)}"
7,GS_pass,AOS,2024-11-06 07:29:29.146242900,460.4426300262183,"{'TCA': '2024-11-06T07:33:19.837859314', 'MAX_EL': 14.38448185550329, 'GS_NAME': 'KSAT', 'Pass_ID': 'KSAT02', 'LOS': '2024-11-06T07:37:09.588872926'}"
8,GS_pass,LOS,2024-11-06 07:37:09.588872926,460.4426300262183,"{'TCA': '2024-11-06T07:33:19.837859314', 'MAX_EL': 14.38448185550329, 'GS_NAME': 'KSAT', 'Pass_ID': 'KSAT02', 'AOS': None}"
9,Eclipse,Entry,2024-11-06 08:29:21.546352000,2079.637695182687,"{'End Time': datetime.datetime(2024, 11, 6, 9, 4, 1, 184047)}"
10,Eclipse,Exit,2024-11-06 09:04:01.184047000,2079.637695182687,"{'Start Time': datetime.datetime(2024, 11, 6, 8, 29, 21, 546352)}"
11,GS_pass,AOS,2024-11-06 09:05:23.587204582,560.9814557980194,"{'TCA': '2024-11-06T09:10:04.881616544', 'MAX_EL': 26.649990060828475, 'GS_NAME': 'KSAT', 'Pass_ID': 'KSAT03', 'LOS': '2024-11-06T09:14:44.568660380'}"
12,GS_pass,LOS,2024-11-06 09:14:44.568660380,560.9814557980194,"{'TCA': '2024-11-06T09:10:04.881616544', 'MAX_EL': 26.649990060828475, 'GS_NAME': 'KSAT', 'Pass_ID': 'KSAT03', 'AOS': None}"
13,GS_pass,AOS,2024-11-06 10:04:44.597009051,264.66354003625435,"{'TCA': '2024-11-06T10:06:57.325353783', 'MAX_EL': 7.261492973044117, 'GS_NAME': 'AWARUA01', 'Pass_ID': 'AWARUA0101', 'LOS': '2024-11-06T10:09:09.260549087'}"
14,Eclipse,Entry,2024-11-06 10:05:46.313756000,2079.628539380669,"{'End Time': datetime.datetime(2024, 11, 6, 10, 40, 25, 942296)}"
15,GS_pass,LOS,2024-11-06 10:09:09.260549087,264.66354003625435,"{'TCA': '2024-11-06T10:06:57.325353783', 'MAX_EL': 7.261492973044117, 'GS_NAME': 'AWARUA01', 'Pass_ID': 'AWARUA0101', 'AOS': None}"
16,Eclipse,Exit,2024-11-06 10:40:25.942296000,2079.628539380669,"{'Start Time': datetime.datetime(2024, 11, 6, 10, 5, 46, 313756)}"
17,GS_pass,AOS,2024-11-06 10:41:11.601061393,608.2816228923185,"{'TCA': '2024-11-06T10:46:16.725684285', 'MAX_EL': 52.28500862342752, 'GS_NAME': 'KSAT', 'Pass_ID': 'KSAT04', 'LOS': '2024-11-06T10:51:19.882684285'}"
18,GS_pass,LOS,2024-11-06 10:51:19.882684285,608.2816228923185,"{'TCA': '2024-11-06T10:46:16.725684285', 'MAX_EL': 52.28500862342752, 'GS_NAME': 'KSAT', 'Pass_ID': 'KSAT04', 'AOS': None}"
19,GS_pass,AOS,2024-11-06 11:37:52.742784057,621.1483393418365,"{'TCA': '2024-11-06T11:43:05.645557976', 'MAX_EL': 75.83840149478908, 'GS_NAME': 'AWARUA01', 'Pass_ID': 'AWARUA0102', 'LOS': '2024-11-06T11:48:13.891123399'}"
20,Eclipse,Entry,2024-11-06 11:42:11.040650000,2079.637310499298,"{'End Time': datetime.datetime(2024, 11, 6, 12, 16, 50, 677961)}"
21,GS_pass,LOS,2024-11-06 11:48:13.891123399,621.1483393418365,"{'TCA': '2024-11-06T11:43:05.645557976', 'MAX_EL': 75.83840149478908, 'GS_NAME': 'AWARUA01', 'Pass_ID': 'AWARUA0102', 'AOS': None}"
22,GS_pass,AOS,2024-11-06 12:16:50.001079698,616.383561761783,"{'TCA': '2024-11-06T12:21:59.001359858', 'MAX_EL': 85.00065789373916, 'GS_NAME': 'KSAT', 'Pass_ID': 'KSAT05', 'LOS': '2024-11-06T12:27:06.384641460'}"
23,Eclipse,Exit,2024-11-06 12:16:50.677961000,2079.637310499298,"{'Start Time': datetime.datetime(2024, 11, 6, 11, 42, 11, 40650)}"
24,GS_pass,LOS,2024-11-06 12:27:06.384641460,616.383561761783,"{'TCA': '2024-11-06T12:21:59.001359858', 'MAX_EL': 85.00065789373916, 'GS_NAME': 'KSAT', 'Pass_ID': 'KSAT05', 'AOS': None}"
25,GS_pass,AOS,2024-11-06 12:28:41.914356894,609.1497051066725,"{'TCA': '2024-11-06T12:33:48.006975549', 'MAX_EL': 86.82649940658227, 'GS_NAME': 'AZORES01', 'Pass_ID': 'AZORES0101', 'LOS': '2024-11-06T12:38:51.064062001'}"
26,GS_pass,LOS,2024-11-06 12:38:51.064062001,609.1497051066725,"{'TCA': '2024-11-06T12:33:48.006975549', 'MAX_EL': 86.82649940658227, 'GS_NAME': 'AZORES01', 'Pass_ID': 'AZORES0101', 'AOS': None}"
27,GS_pass,AOS,2024-11-06 13:14:19.310719551,427.5722474677962,"{'TCA': '2024-11-06T13:17:53.600336199', 'MAX_EL': 12.945948958756828, 'GS_NAME': 'AWARUA01', 'Pass_ID': 'AWARUA0103', 'LOS': '2024-11-06T13:21:26.882967019'}"
28,Eclipse,Entry,2024-11-06 13:18:35.785271000,2079.6656608739722,"{'End Time': datetime.datetime(2024, 11, 6, 13, 53, 15, 450932)}"
29,GS_pass,LOS,2024-11-06 13:21:26.882967019,427.5722474677962,"{'TCA': '2024-11-06T13:17:53.600336199', 'MAX_EL': 12.945948958756828, 'GS_NAME': 'AWARUA01', 'Pass_ID': 'AWARUA0103', 'AOS': None}"
30,GS_pass,AOS,2024-11-06 13:52:15.124981904,606.8513051207885,"{'TCA': '2024-11-06T13:57:19.132574448', 'MAX_EL': 56.52733220183054, 'GS_NAME': 'KSAT', 'Pass_ID': 'KSAT06', 'LOS': '2024-11-06T14:02:21.976287025'}"
31,Eclipse,Exit,2024-11-06 13:53:15.450932000,2079.6656608739722,"{'Start Time': datetime.datetime(2024, 11, 6, 13, 18, 35, 785271)}"
32,GS_pass,LOS,2024-11-06 14:02:21.976287025,606.8513051207885,"{'TCA': '2024-11-06T13:57:19.132574448', 'MAX_EL': 56.52733220183054, 'GS_NAME': 'KSAT', 'Pass_ID': 'KSAT06', 'AOS': None}"
33,GS_pass,AOS,2024-11-06 14:06:33.350319333,228.2092972221393,"{'TCA': '2024-11-06T14:08:27.523017041', 'MAX_EL': 6.7954030329042405, 'GS_NAME': 'AZORES01', 'Pass_ID': 'AZORES0102', 'LOS': '2024-11-06T14:10:21.559616556'}"
34,GS_pass,LOS,2024-11-06 14:10:21.559616556,228.2092972221393,"{'TCA': '2024-11-06T14:08:27.523017041', 'MAX_EL': 6.7954030329042405, 'GS_NAME': 'AZORES01', 'Pass_ID': 'AZORES0102', 'AOS': None}"
35,Eclipse,Entry,2024-11-06 14:55:00.598624000,2079.661827071341,"{'End Time': datetime.datetime(2024, 11, 6, 15, 29, 40, 260451)}"
36,GS_pass,AOS,2024-11-06 15:27:26.632404737,601.0477910923248,"{'TCA': '2024-11-06T15:32:27.493130237', 'MAX_EL': 49.137178917352415, 'GS_NAME': 'KSAT', 'Pass_ID': 'KSAT07', 'LOS': '2024-11-06T15:37:27.680195829'}"
37,Eclipse,Exit,2024-11-06 15:29:40.260451000,2079.661827071341,"{'Start Time': datetime.datetime(2024, 11, 6, 14, 55, 0, 598624)}"
38,GS_pass,LOS,2024-11-06 15:37:27.680195829,601.0477910923248,"{'TCA': '2024-11-06T15:32:27.493130237', 'MAX_EL': 49.137178917352415, 'GS_NAME': 'KSAT', 'Pass_ID': 'KSAT07', 'AOS': None}"
39,Eclipse,Entry,2024-11-06 16:31:25.485648000,2079.638399707314,"{'End Time': datetime.datetime(2024, 11, 6, 17, 6, 5, 124047)}"
40,GS_pass,AOS,2024-11-06 16:42:02.301531562,595.9056036901662,"{'TCA': '2024-11-06T16:47:00.721600629', 'MAX_EL': 47.48188582116817, 'GS_NAME': 'CLN01', 'Pass_ID': 'CLN0102', 'LOS': '2024-11-06T16:51:58.207135252'}"
41,GS_pass,LOS,2024-11-06 16:51:58.207135252,595.9056036901662,"{'TCA': '2024-11-06T16:47:00.721600629', 'MAX_EL': 47.48188582116817, 'GS_NAME': 'CLN01', 'Pass_ID': 'CLN0102', 'AOS': None}"
42,GS_pass,AOS,2024-11-06 17:02:32.178608102,607.9997366016213,"{'TCA': '2024-11-06T17:07:36.285007344', 'MAX_EL': 57.489735832195265, 'GS_NAME': 'KSAT', 'Pass_ID': 'KSAT08', 'LOS': '2024-11-06T17:12:40.178344703'}"
43,Eclipse,Exit,2024-11-06 17:06:05.124047000,2079.638399707314,"{'Start Time': datetime.datetime(2024, 11, 6, 16, 31, 25, 485648)}"
44,GS_pass,LOS,2024-11-06 17:12:40.178344703,607.9997366016213,"{'TCA': '2024-11-06T17:07:36.285007344', 'MAX_EL': 57.489735832195265, 'GS_NAME': 'KSAT', 'Pass_ID': 'KSAT08', 'AOS': None}"
45,Eclipse,Entry,2024-11-06 18:07:50.367898000,2079.618765276105,"{'End Time': datetime.datetime(2024, 11, 6, 18, 42, 29, 986664)}"
46,GS_pass,AOS,2024-11-06 18:21:52.647502943,41.033353777333716,"{'TCA': '2024-11-06T18:22:13.163817379', 'MAX_EL': 5.051725193276931, 'GS_NAME': 'CLN01', 'Pass_ID': 'CLN0103', 'LOS': '2024-11-06T18:22:33.680856721'}"
47,GS_pass,LOS,2024-11-06 18:22:33.680856721,41.033353777333716,"{'TCA': '2024-11-06T18:22:13.163817379', 'MAX_EL': 5.051725193276931, 'GS_NAME': 'CLN01', 'Pass_ID': 'CLN0103', 'AOS': None}"
48,GS_pass,AOS,2024-11-06 18:37:48.920800535,617.4074527599885,"{'TCA': '2024-11-06T18:42:57.510565501', 'MAX_EL': 87.32953150933443, 'GS_NAME': 'KSAT', 'Pass_ID': 'KSAT09', 'LOS': '2024-11-06T18:48:06.328253295'}"
49,Eclipse,Exit,2024-11-06 18:42:29.986664000,2079.618765276105,"{'Start Time': datetime.datetime(2024, 11, 6, 18, 7, 50, 367898)}"
50,GS_pass,LOS,2024-11-06 18:48:06.328253295,617.4074527599885,"{'TCA': '2024-11-06T18:42:57.510565501', 'MAX_EL': 87.32953150933443, 'GS_NAME': 'KSAT', 'Pass_ID': 'KSAT09', 'AOS': None}"
51,Eclipse,Entry,2024-11-06 19:44:15.233248000,2079.606805403376,"{'End Time': datetime.datetime(2024, 11, 6, 20, 18, 54, 840054)}"
52,GS_pass,AOS,2024-11-06 20:13:37.766387381,607.6444952546951,"{'TCA': '2024-11-06T20:18:41.318489006', 'MAX_EL': 50.33770148081809, 'GS_NAME': 'KSAT', 'Pass_ID': 'KSAT10', 'LOS': '2024-11-06T20:23:45.410882635'}"
53,Eclipse,Exit,2024-11-06 20:18:54.840054000,2079.606805403376,"{'Start Time': datetime.datetime(2024, 11, 6, 19, 44, 15, 233248)}"
54,GS_pass,LOS,2024-11-06 20:23:45.410882635,607.6444952546951,"{'TCA': '2024-11-06T20:18:41.318489006', 'MAX_EL': 50.33770148081809, 'GS_NAME': 'KSAT', 'Pass_ID': 'KSAT10', 'AOS': None}"
55,GS_pass,AOS,2024-11-06 20:57:41.779885231,314.10565981023655,"{'TCA': '2024-11-06T21:00:18.476325576', 'MAX_EL': 8.60573636572675, 'GS_NAME': 'AWARUA01', 'Pass_ID': 'AWARUA0104', 'LOS': '2024-11-06T21:02:55.885545042'}"
56,GS_pass,LOS,2024-11-06 21:02:55.885545042,314.10565981023655,"{'TCA': '2024-11-06T21:00:18.476325576', 'MAX_EL': 8.60573636572675, 'GS_NAME': 'AWARUA01', 'Pass_ID': 'AWARUA0104', 'AOS': None}"
57,Eclipse,Entry,2024-11-06 21:20:40.014303000,2079.607395233224,"{'End Time': datetime.datetime(2024, 11, 6, 21, 55, 19, 621698)}"
58,GS_pass,AOS,2024-11-06 21:50:16.196966234,557.745284446686,"{'TCA': '2024-11-06T21:54:54.798557985', 'MAX_EL': 25.74816112987567, 'GS_NAME': 'KSAT', 'Pass_ID': 'KSAT11', 'LOS': '2024-11-06T21:59:33.942250680'}"
59,Eclipse,Exit,2024-11-06 21:55:19.621698000,2079.607395233224,"{'Start Time': datetime.datetime(2024, 11, 6, 21, 20, 40, 14303)}"
60,GS_pass,LOS,2024-11-06 21:59:33.942250680,557.745284446686,"{'TCA': '2024-11-06T21:54:54.798557985', 'MAX_EL': 25.74816112987567, 'GS_NAME': 'KSAT', 'Pass_ID': 'KSAT11', 'AOS': None}"
61,GS_pass,AOS,2024-11-06 22:29:46.670720891,615.492100747719,"{'TCA': '2024-11-06T22:34:51.690070710', 'MAX_EL': 70.47199590857099, 'GS_NAME': 'AWARUA01', 'Pass_ID': 'AWARUA0105', 'LOS': '2024-11-06T22:40:02.162821638'}"
62,GS_pass,LOS,2024-11-06 22:40:02.162821638,615.492100747719,"{'TCA': '2024-11-06T22:34:51.690070710', 'MAX_EL': 70.47199590857099, 'GS_NAME': 'AWARUA01', 'Pass_ID': 'AWARUA0105', 'AOS': None}"
63,Eclipse,Entry,2024-11-06 22:57:04.738456000,2079.619494724915,"{'End Time': datetime.datetime(2024, 11, 6, 23, 31, 44, 357951)}"
64,GS_pass,AOS,2024-11-06 23:15:55.405624334,586.6646733942563,"{'TCA': '2024-11-06T23:20:48.003203097', 'MAX_EL': 40.2633495570388, 'GS_NAME': 'AZORES01', 'Pass_ID': 'AZORES0103', 'LOS': '2024-11-06T23:25:42.070297728'}"
65,GS_pass,LOS,2024-11-06 23:25:42.070297728,586.6646733942563,"{'TCA': '2024-11-06T23:20:48.003203097', 'MAX_EL': 40.2633495570388, 'GS_NAME': 'AZORES01', 'Pass_ID': 'AZORES0103', 'AOS': None}"
66,GS_pass,AOS,2024-11-06 23:27:54.632263328,453.8930006654366,"{'TCA': '2024-11-06T23:31:41.424017342', 'MAX_EL': 13.930672363862117, 'GS_NAME': 'KSAT', 'Pass_ID': 'KSAT12', 'LOS': '2024-11-06T23:35:28.525263993'}"
67,Eclipse,Exit,2024-11-06 23:31:44.357951000,2079.619494724915,"{'Start Time': datetime.datetime(2024, 11, 6, 22, 57, 4, 738456)}"
68,GS_pass,LOS,2024-11-06 23:35:28.525263993,453.8930006654366,"{'TCA': '2024-11-06T23:31:41.424017342', 'MAX_EL': 13.930672363862117, 'GS_NAME': 'KSAT', 'Pass_ID': 'KSAT12', 'AOS': None}"
69,GS_pass,AOS,2024-11-07 00:07:19.315532794,413.80558754172705,"{'TCA': '2024-11-07T00:10:45.025054700', 'MAX_EL': 11.851401162187132, 'GS_NAME': 'AWARUA01', 'Pass_ID': 'AWARUA0106', 'LOS': '2024-11-07T00:14:13.121120336'}"
70,GS_pass,LOS,2024-11-07 00:14:13.121120336,413.80558754172705,"{'TCA': '2024-11-07T00:10:45.025054700', 'MAX_EL': 11.851401162187132, 'GS_NAME': 'AWARUA01', 'Pass_ID': 'AWARUA0106', 'AOS': None}"
71,Eclipse,Entry,2024-11-07 00:33:29.477510000,2079.615500709413,"{'End Time': datetime.datetime(2024, 11, 7, 1, 8, 9, 93011)}"
72,GS_pass,AOS,2024-11-07 00:52:38.837273121,445.3840359637254,"{'TCA': '2024-11-07T00:56:20.838038200', 'MAX_EL': 13.77543058920779, 'GS_NAME': 'AZORES01', 'Pass_ID': 'AZORES0104', 'LOS': '2024-11-07T01:00:04.221309085'}"
73,GS_pass,LOS,2024-11-07 01:00:04.221309085,445.3840359637254,"{'TCA': '2024-11-07T00:56:20.838038200', 'MAX_EL': 13.77543058920779, 'GS_NAME': 'AZORES01', 'Pass_ID': 'AZORES0104', 'AOS': None}"
74,GS_pass,AOS,2024-11-07 01:06:33.953978010,292.24418511877263,"{'TCA': '2024-11-07T01:09:00.052844018', 'MAX_EL': 7.823854863466457, 'GS_NAME': 'KSAT', 'Pass_ID': 'KSAT13', 'LOS': '2024-11-07T01:11:26.198163128'}"
75,Eclipse,Exit,2024-11-07 01:08:09.093011000,2079.615500709413,"{'Start Time': datetime.datetime(2024, 11, 7, 0, 33, 29, 477510)}"
76,GS_pass,LOS,2024-11-07 01:11:26.198163128,292.24418511877263,"{'TCA': '2024-11-07T01:09:00.052844018', 'MAX_EL': 7.823854863466457, 'GS_NAME': 'KSAT', 'Pass_ID': 'KSAT13', 'AOS': None}"
77,Eclipse,Entry,2024-11-07 02:09:54.222612000,2079.597085933641,"{'End Time': datetime.datetime(2024, 11, 7, 2, 44, 33, 819697)}"
78,Eclipse,Exit,2024-11-07 02:44:33.819697000,2079.597085933641,"{'Start Time': datetime.datetime(2024, 11, 7, 2, 9, 54, 222612)}"
79,GS_pass,AOS,2024-11-07 02:46:06.613685147,71.79243886160106,"{'TCA': '2024-11-07T02:46:42.512023204', 'MAX_EL': 5.149752933460058, 'GS_NAME': 'KSAT', 'Pass_ID': 'KSAT14', 'LOS': '2024-11-07T02:47:18.406124009'}"
80,GS_pass,LOS,2024-11-07 02:47:18.406124009,71.79243886160106,"{'TCA': '2024-11-07T02:46:42.512023204', 'MAX_EL': 5.149752933460058, 'GS_NAME': 'KSAT', 'Pass_ID': 'KSAT14', 'AOS': None}"
81,Eclipse,Entry,2024-11-07 03:46:19.021273000,2079.5855545179847,"{'End Time': datetime.datetime(2024, 11, 7, 4, 20, 58, 606828)}"
82,Eclipse,Exit,2024-11-07 04:20:58.606828000,2079.5855545179847,"{'Start Time': datetime.datetime(2024, 11, 7, 3, 46, 19, 21273)}"
83,GS_pass,AOS,2024-11-07 04:23:41.708604079,103.0655797678101,"{'TCA': '2024-11-07T04:24:33.252559738', 'MAX_EL': 5.311296794012529, 'GS_NAME': 'KSAT', 'Pass_ID': 'KSAT15', 'LOS': '2024-11-07T04:25:24.774183847'}"
84,GS_pass,LOS,2024-11-07 04:25:24.774183847,103.0655797678101,"{'TCA': '2024-11-07T04:24:33.252559738', 'MAX_EL': 5.311296794012529, 'GS_NAME': 'KSAT', 'Pass_ID': 'KSAT15', 'AOS': None}"
85,GS_pass,AOS,2024-11-07 04:41:25.488810287,572.5144933286274,"{'TCA': '2024-11-07T04:46:11.743366173', 'MAX_EL': 34.57331634467933, 'GS_NAME': 'CLN01', 'Pass_ID': 'CLN0104', 'LOS': '2024-11-07T04:50:58.003303615'}"
86,GS_pass,LOS,2024-11-07 04:50:58.003303615,572.5144933286274,"{'TCA': '2024-11-07T04:46:11.743366173', 'MAX_EL': 34.57331634467933, 'GS_NAME': 'CLN01', 'Pass_ID': 'CLN0104', 'AOS': None}"
87,Eclipse,Entry,2024-11-07 05:22:43.938080000,2079.5441686229183,"{'End Time': datetime.datetime(2024, 11, 7, 5, 57, 23, 482248)}"
88,Eclipse,Exit,2024-11-07 05:57:23.482248000,2079.5441686229183,"{'Start Time': datetime.datetime(2024, 11, 7, 5, 22, 43, 938080)}"
89,GS_pass,AOS,2024-11-07 05:59:36.710678920,313.64622025256944,"{'TCA': '2024-11-07T06:02:13.702507934', 'MAX_EL': 8.337014578897143, 'GS_NAME': 'KSAT', 'Pass_ID': 'KSAT16', 'LOS': '2024-11-07T06:04:50.356899172'}"
90,GS_pass,LOS,2024-11-07 06:04:50.356899172,313.64622025256944,"{'TCA': '2024-11-07T06:02:13.702507934', 'MAX_EL': 8.337014578897143, 'GS_NAME': 'KSAT', 'Pass_ID': 'KSAT16', 'AOS': None}"
91,GS_pass,AOS,2024-11-07 06:18:52.316522475,285.3575239721569,"{'TCA': '2024-11-07T06:21:14.788338566', 'MAX_EL': 7.923932404542222, 'GS_NAME': 'CLN01', 'Pass_ID': 'CLN0105', 'LOS': '2024-11-07T06:23:37.674046447'}"
92,GS_pass,LOS,2024-11-07 06:23:37.674046447,285.3575239721569,"{'TCA': '2024-11-07T06:21:14.788338566', 'MAX_EL': 7.923932404542222, 'GS_NAME': 'CLN01', 'Pass_ID': 'CLN0105', 'AOS': None}"
93,Eclipse,Entry,2024-11-07 06:59:08.792633000,2079.5074339306398,"{'End Time': datetime.datetime(2024, 11, 7, 7, 33, 48, 300067)}"
94,Eclipse,Exit,2024-11-07 07:33:48.300067000,2079.5074339306398,"{'Start Time': datetime.datetime(2024, 11, 7, 6, 59, 8, 792633)}"
95,GS_pass,AOS,2024-11-07 07:35:34.327340988,468.37961143005487,"{'TCA': '2024-11-07T07:39:29.010620339', 'MAX_EL': 14.937570906987117, 'GS_NAME': 'KSAT', 'Pass_ID': 'KSAT17', 'LOS': '2024-11-07T07:43:22.706952418'}"
96,GS_pass,LOS,2024-11-07 07:43:22.706952418,468.37961143005487,"{'TCA': '2024-11-07T07:39:29.010620339', 'MAX_EL': 14.937570906987117, 'GS_NAME': 'KSAT', 'Pass_ID': 'KSAT17', 'AOS': None}"
97,Eclipse,Entry,2024-11-07 08:35:33.564070000,2079.501122820268,"{'End Time': datetime.datetime(2024, 11, 7, 9, 10, 13, 65193)}"
98,Eclipse,Exit,2024-11-07 09:10:13.065193000,2079.501122820268,"{'Start Time': datetime.datetime(2024, 11, 7, 8, 35, 33, 564070)}"
99,GS_pass,AOS,2024-11-07 09:11:28.423945216,565.3131364490936,"{'TCA': '2024-11-07T09:16:11.900552603', 'MAX_EL': 27.75468375922615, 'GS_NAME': 'KSAT', 'Pass_ID': 'KSAT18', 'LOS': '2024-11-07T09:20:53.737081665'}"
100,GS_pass,LOS,2024-11-07 09:20:53.737081665,565.3131364490936,"{'TCA': '2024-11-07T09:16:11.900552603', 'MAX_EL': 27.75468375922615, 'GS_NAME': 'KSAT', 'Pass_ID': 'KSAT18', 'AOS': None}"
101,GS_pass,AOS,2024-11-07 10:10:20.141808245,329.8605180827699,"{'TCA': '2024-11-07T10:13:05.701902328', 'MAX_EL': 8.76470793212246, 'GS_NAME': 'AWARUA01', 'Pass_ID': 'AWARUA0107', 'LOS': '2024-11-07T10:15:50.002326328'}"
102,Eclipse,Entry,2024-11-07 10:11:58.314746000,2079.4907787961242,"{'End Time': datetime.datetime(2024, 11, 7, 10, 46, 37, 805525)}"
103,GS_pass,LOS,2024-11-07 10:15:50.002326328,329.8605180827699,"{'TCA': '2024-11-07T10:13:05.701902328', 'MAX_EL': 8.76470793212246, 'GS_NAME': 'AWARUA01', 'Pass_ID': 'AWARUA0107', 'AOS': None}"
104,Eclipse,Exit,2024-11-07 10:46:37.805525000,2079.4907787961242,"{'Start Time': datetime.datetime(2024, 11, 7, 10, 11, 58, 314746)}"
105,GS_pass,AOS,2024-11-07 10:47:15.998557962,609.5329001083403,"{'TCA': '2024-11-07T10:52:21.704178114', 'MAX_EL': 54.62466200235367, 'GS_NAME': 'KSAT', 'Pass_ID': 'KSAT19', 'LOS': '2024-11-07T10:57:25.531458070'}"
106,GS_pass,LOS,2024-11-07 10:57:25.531458070,609.5329001083403,"{'TCA': '2024-11-07T10:52:21.704178114', 'MAX_EL': 54.62466200235367, 'GS_NAME': 'KSAT', 'Pass_ID': 'KSAT19', 'AOS': None}"
107,GS_pass,AOS,2024-11-07 11:02:19.113854705,198.8440978651776,"{'TCA': '2024-11-07T11:03:58.698628866', 'MAX_EL': 6.26441296047219, 'GS_NAME': 'AZORES01', 'Pass_ID': 'AZORES0105', 'LOS': '2024-11-07T11:05:37.957952570'}"
108,GS_pass,LOS,2024-11-07 11:05:37.957952570,198.8440978651776,"{'TCA': '2024-11-07T11:03:58.698628866', 'MAX_EL': 6.26441296047219, 'GS_NAME': 'AZORES01', 'Pass_ID': 'AZORES0105', 'AOS': None}"
109,GS_pass,AOS,2024-11-07 11:43:55.413532019,621.9748279222079,"{'TCA': '2024-11-07T11:49:08.707662286', 'MAX_EL': 87.48725808898733, 'GS_NAME': 'AWARUA01', 'Pass_ID': 'AWARUA0108', 'LOS': '2024-11-07T11:54:17.388359941'}"
110,Eclipse,Entry,2024-11-07 11:48:23.024665000,2079.5006474831134,"{'End Time': datetime.datetime(2024, 11, 7, 12, 23, 2, 525312)}"
111,GS_pass,LOS,2024-11-07 11:54:17.388359941,621.9748279222079,"{'TCA': '2024-11-07T11:49:08.707662286', 'MAX_EL': 87.48725808898733, 'GS_NAME': 'AWARUA01', 'Pass_ID': 'AWARUA0108', 'AOS': None}"
112,GS_pass,AOS,2024-11-07 12:22:53.495232084,615.9726253881524,"{'TCA': '2024-11-07T12:28:02.318859592', 'MAX_EL': 82.42978774689479, 'GS_NAME': 'KSAT', 'Pass_ID': 'KSAT20', 'LOS': '2024-11-07T12:33:09.467857472'}"
113,Eclipse,Exit,2024-11-07 12:23:02.525312000,2079.5006474831134,"{'Start Time': datetime.datetime(2024, 11, 7, 11, 48, 23, 24665)}"
114,GS_pass,LOS,2024-11-07 12:33:09.467857472,615.9726253881524,"{'TCA': '2024-11-07T12:28:02.318859592', 'MAX_EL': 82.42978774689479, 'GS_NAME': 'KSAT', 'Pass_ID': 'KSAT20', 'AOS': None}"
115,GS_pass,AOS,2024-11-07 12:34:45.023362944,607.9443386158049,"{'TCA': '2024-11-07T12:39:50.453843414', 'MAX_EL': 79.09971496159295, 'GS_NAME': 'AZORES01', 'Pass_ID': 'AZORES0106', 'LOS': '2024-11-07T12:44:52.967701560'}"
116,GS_pass,LOS,2024-11-07 12:44:52.967701560,607.9443386158049,"{'TCA': '2024-11-07T12:39:50.453843414', 'MAX_EL': 79.09971496159295, 'GS_NAME': 'AZORES01', 'Pass_ID': 'AZORES0106', 'AOS': None}"
117,GS_pass,AOS,2024-11-07 13:20:33.587071264,395.3752573992451,"{'TCA': '2024-11-07T13:23:51.686818708', 'MAX_EL': 11.373486341566453, 'GS_NAME': 'AWARUA01', 'Pass_ID': 'AWARUA0109', 'LOS': '2024-11-07T13:27:08.962328663'}"
118,Eclipse,Entry,2024-11-07 13:24:47.756084000,2079.5281577606506,"{'End Time': datetime.datetime(2024, 11, 7, 13, 59, 27, 284242)}"
119,GS_pass,LOS,2024-11-07 13:27:08.962328663,395.3752573992451,"{'TCA': '2024-11-07T13:23:51.686818708', 'MAX_EL': 11.373486341566453, 'GS_NAME': 'AWARUA01', 'Pass_ID': 'AWARUA0109', 'AOS': None}"
120,GS_pass,AOS,2024-11-07 13:58:17.754272871,606.0476541573079,"{'TCA': '2024-11-07T14:03:21.347336102', 'MAX_EL': 55.52793833000207, 'GS_NAME': 'KSAT', 'Pass_ID': 'KSAT21', 'LOS': '2024-11-07T14:08:23.801927028'}"
121,Eclipse,Exit,2024-11-07 13:59:27.284242000,2079.5281577606506,"{'Start Time': datetime.datetime(2024, 11, 7, 13, 24, 47, 756084)}"
122,GS_pass,LOS,2024-11-07 14:08:23.801927028,606.0476541573079,"{'TCA': '2024-11-07T14:03:21.347336102', 'MAX_EL': 55.52793833000207, 'GS_NAME': 'KSAT', 'Pass_ID': 'KSAT21', 'AOS': None}"
123,GS_pass,AOS,2024-11-07 14:13:30.494507236,108.74573195753987,"{'TCA': '2024-11-07T14:14:24.880492943', 'MAX_EL': 5.382474744620551, 'GS_NAME': 'AZORES01', 'Pass_ID': 'AZORES0107', 'LOS': '2024-11-07T14:15:19.240239193'}"
124,GS_pass,LOS,2024-11-07 14:15:19.240239193,108.74573195753987,"{'TCA': '2024-11-07T14:14:24.880492943', 'MAX_EL': 5.382474744620551, 'GS_NAME': 'AZORES01', 'Pass_ID': 'AZORES0107', 'AOS': None}"
125,Eclipse,Entry,2024-11-07 15:01:12.557129000,2079.521096175418,"{'End Time': datetime.datetime(2024, 11, 7, 15, 35, 52, 78225)}"
126,GS_pass,AOS,2024-11-07 15:33:28.534017888,600.9883051925693,"{'TCA': '2024-11-07T15:38:29.354716772', 'MAX_EL': 49.185923712376635, 'GS_NAME': 'KSAT', 'Pass_ID': 'KSAT22', 'LOS': '2024-11-07T15:43:29.522323081'}"
127,Eclipse,Exit,2024-11-07 15:35:52.078225000,2079.521096175418,"{'Start Time': datetime.datetime(2024, 11, 7, 15, 1, 12, 557129)}"
128,GS_pass,LOS,2024-11-07 15:43:29.522323081,600.9883051925693,"{'TCA': '2024-11-07T15:38:29.354716772', 'MAX_EL': 49.185923712376635, 'GS_NAME': 'KSAT', 'Pass_ID': 'KSAT22', 'AOS': None}"
129,Eclipse,Entry,2024-11-07 16:37:37.430829000,2079.4958222156165,"{'End Time': datetime.datetime(2024, 11, 7, 17, 12, 16, 926651)}"
130,GS_pass,AOS,2024-11-07 16:47:59.787385882,604.6667085740964,"{'TCA': '2024-11-07T16:53:02.566319463', 'MAX_EL': 59.52498627952027, 'GS_NAME': 'CLN01', 'Pass_ID': 'CLN0106', 'LOS': '2024-11-07T16:58:04.454094456'}"
131,GS_pass,LOS,2024-11-07 16:58:04.454094456,604.6667085740964,"{'TCA': '2024-11-07T16:53:02.566319463', 'MAX_EL': 59.52498627952027, 'GS_NAME': 'CLN01', 'Pass_ID': 'CLN0106', 'AOS': None}"
132,GS_pass,AOS,2024-11-07 17:08:34.189661941,608.5978586106249,"{'TCA': '2024-11-07T17:13:38.586747901', 'MAX_EL': 58.63821112301415, 'GS_NAME': 'KSAT', 'Pass_ID': 'KSAT23', 'LOS': '2024-11-07T17:18:42.787520551'}"
133,Eclipse,Exit,2024-11-07 17:12:16.926651000,2079.4958222156165,"{'Start Time': datetime.datetime(2024, 11, 7, 16, 37, 37, 430829)}"
134,GS_pass,LOS,2024-11-07 17:18:42.787520551,608.5978586106249,"{'TCA': '2024-11-07T17:13:38.586747901', 'MAX_EL': 58.63821112301415, 'GS_NAME': 'KSAT', 'Pass_ID': 'KSAT23', 'AOS': None}"
135,Eclipse,Entry,2024-11-07 18:14:02.295733000,2079.476950433276,"{'End Time': datetime.datetime(2024, 11, 7, 18, 48, 41, 772684)}"
136,GS_pass,AOS,2024-11-07 18:43:52.346294042,617.4808328591777,"{'TCA': '2024-11-07T18:49:00.964974478', 'MAX_EL': 89.95548915095839, 'GS_NAME': 'KSAT', 'Pass_ID': 'KSAT24', 'LOS': '2024-11-07T18:54:09.827126901'}"
137,Eclipse,Exit,2024-11-07 18:48:41.772684000,2079.476950433276,"{'Start Time': datetime.datetime(2024, 11, 7, 18, 14, 2, 295733)}"
138,GS_pass,LOS,2024-11-07 18:54:09.827126901,617.4808328591777,"{'TCA': '2024-11-07T18:49:00.964974478', 'MAX_EL': 89.95548915095839, 'GS_NAME': 'KSAT', 'Pass_ID': 'KSAT24', 'AOS': None}"
139,Eclipse,Entry,2024-11-07 19:50:27.144209000,2079.463075256391,"{'End Time': datetime.datetime(2024, 11, 7, 20, 25, 6, 607285)}"
140,GS_pass,AOS,2024-11-07 20:19:43.878850665,605.7367636886564,"{'TCA': '2024-11-07T20:24:46.479355134', 'MAX_EL': 48.159230877076226, 'GS_NAME': 'KSAT', 'Pass_ID': 'KSAT25', 'LOS': '2024-11-07T20:29:49.615614354'}"
141,Eclipse,Exit,2024-11-07 20:25:06.607285000,2079.463075256391,"{'Start Time': datetime.datetime(2024, 11, 7, 19, 50, 27, 144209)}"
142,GS_pass,LOS,2024-11-07 20:29:49.615614354,605.7367636886564,"{'TCA': '2024-11-07T20:24:46.479355134', 'MAX_EL': 48.159230877076226, 'GS_NAME': 'KSAT', 'Pass_ID': 'KSAT25', 'AOS': None}"
143,GS_pass,AOS,2024-11-07 21:03:17.593603781,357.45276491613157,"{'TCA': '2024-11-07T21:06:15.825412288', 'MAX_EL': 9.943512760764412, 'GS_NAME': 'AWARUA01', 'Pass_ID': 'AWARUA0110', 'LOS': '2024-11-07T21:09:15.046368697'}"
144,GS_pass,LOS,2024-11-07 21:09:15.046368697,357.45276491613157,"{'TCA': '2024-11-07T21:06:15.825412288', 'MAX_EL': 9.943512760764412, 'GS_NAME': 'AWARUA01', 'Pass_ID': 'AWARUA0110', 'AOS': None}"
145,Eclipse,Entry,2024-11-07 21:26:51.906894000,2079.4647221304467,"{'End Time': datetime.datetime(2024, 11, 7, 22, 1, 31, 371616)}"
146,GS_pass,AOS,2024-11-07 21:56:25.900712543,552.7108825877436,"{'TCA': '2024-11-07T22:01:01.997045235', 'MAX_EL': 24.722063435366817, 'GS_NAME': 'KSAT', 'Pass_ID': 'KSAT26', 'LOS': '2024-11-07T22:05:38.611595131'}"
147,Eclipse,Exit,2024-11-07 22:01:31.371616000,2079.4647221304467,"{'Start Time': datetime.datetime(2024, 11, 7, 21, 26, 51, 906894)}"
148,GS_pass,LOS,2024-11-07 22:05:38.611595131,552.7108825877436,"{'TCA': '2024-11-07T22:01:01.997045235', 'MAX_EL': 24.722063435366817, 'GS_NAME': 'KSAT', 'Pass_ID': 'KSAT26', 'AOS': None}"
149,GS_pass,AOS,2024-11-07 22:35:47.834944942,617.9818938019648,"{'TCA': '2024-11-07T22:40:54.009995662', 'MAX_EL': 81.7019845352856, 'GS_NAME': 'AWARUA01', 'Pass_ID': 'AWARUA0111', 'LOS': '2024-11-07T22:46:05.816838744'}"
150,GS_pass,LOS,2024-11-07 22:46:05.816838744,617.9818938019648,"{'TCA': '2024-11-07T22:40:54.009995662', 'MAX_EL': 81.7019845352856, 'GS_NAME': 'AWARUA01', 'Pass_ID': 'AWARUA0111', 'AOS': None}"
151,Eclipse,Entry,2024-11-07 23:03:16.620974000,2079.4743870407474,"{'End Time': datetime.datetime(2024, 11, 7, 23, 37, 56, 95361)}"
152,GS_pass,AOS,2024-11-07 23:21:51.861299921,596.4495517251903,"{'TCA': '2024-11-07T23:26:49.287318599', 'MAX_EL': 47.793641341483095, 'GS_NAME': 'AZORES01', 'Pass_ID': 'AZORES0108', 'LOS': '2024-11-07T23:31:48.310851647'}"
153,GS_pass,LOS,2024-11-07 23:31:48.310851647,596.4495517251903,"{'TCA': '2024-11-07T23:26:49.287318599', 'MAX_EL': 47.793641341483095, 'GS_NAME': 'AZORES01', 'Pass_ID': 'AZORES0108', 'AOS': None}"
154,GS_pass,AOS,2024-11-07 23:34:08.345495000,445.11000025006086,"{'TCA': '2024-11-07T23:37:50.764457166', 'MAX_EL': 13.406372846117188, 'GS_NAME': 'KSAT', 'Pass_ID': 'KSAT27', 'LOS': '2024-11-07T23:41:33.455495250'}"
155,Eclipse,Exit,2024-11-07 23:37:56.095361000,2079.4743870407474,"{'Start Time': datetime.datetime(2024, 11, 7, 23, 3, 16, 620974)}"
156,GS_pass,LOS,2024-11-07 23:41:33.455495250,445.11000025006086,"{'TCA': '2024-11-07T23:37:50.764457166', 'MAX_EL': 13.406372846117188, 'GS_NAME': 'KSAT', 'Pass_ID': 'KSAT27', 'AOS': None}"
157,GS_pass,AOS,2024-11-08 00:13:47.878646334,371.31534903945715,"{'TCA': '2024-11-08T00:16:52.611411438', 'MAX_EL': 10.113260622168879, 'GS_NAME': 'AWARUA01', 'Pass_ID': 'AWARUA0112', 'LOS': '2024-11-08T00:19:59.193995374'}"
158,GS_pass,LOS,2024-11-08 00:19:59.193995374,371.31534903945715,"{'TCA': '2024-11-08T00:16:52.611411438', 'MAX_EL': 10.113260622168879, 'GS_NAME': 'AWARUA01', 'Pass_ID': 'AWARUA0112', 'AOS': None}"
159,Eclipse,Entry,2024-11-08 00:39:41.346685000,2079.4679975236577,"{'End Time': datetime.datetime(2024, 11, 8, 1, 14, 20, 814683)}"
160,GS_pass,AOS,2024-11-08 00:59:05.669433829,403.61678317723613,"{'TCA': '2024-11-08T01:02:26.910340167', 'MAX_EL': 11.566190739513997, 'GS_NAME': 'AZORES01', 'Pass_ID': 'AZORES0109', 'LOS': '2024-11-08T01:05:49.286217006'}"
161,GS_pass,LOS,2024-11-08 01:05:49.286217006,403.61678317723613,"{'TCA': '2024-11-08T01:02:26.910340167', 'MAX_EL': 11.566190739513997, 'GS_NAME': 'AZORES01', 'Pass_ID': 'AZORES0109', 'AOS': None}"
162,GS_pass,AOS,2024-11-08 01:12:51.273845978,279.88650989481056,"{'TCA': '2024-11-08T01:15:11.199353013', 'MAX_EL': 7.558579864199978, 'GS_NAME': 'KSAT', 'Pass_ID': 'KSAT28', 'LOS': '2024-11-08T01:17:31.160355873'}"
163,Eclipse,Exit,2024-11-08 01:14:20.814683000,2079.4679975236577,"{'Start Time': datetime.datetime(2024, 11, 8, 0, 39, 41, 346685)}"
164,GS_pass,LOS,2024-11-08 01:17:31.160355873,279.88650989481056,"{'TCA': '2024-11-08T01:15:11.199353013', 'MAX_EL': 7.558579864199978, 'GS_NAME': 'KSAT', 'Pass_ID': 'KSAT28', 'AOS': None}"
165,Eclipse,Entry,2024-11-08 02:16:06.081803000,2079.4482137104997,"{'End Time': datetime.datetime(2024, 11, 8, 2, 50, 45, 530016)}"
166,Eclipse,Exit,2024-11-08 02:50:45.530016000,2079.4482137104997,"{'Start Time': datetime.datetime(2024, 11, 8, 2, 16, 6, 81803)}"
167,GS_pass,AOS,2024-11-08 02:52:29.519691731,50.36258609213928,"{'TCA': '2024-11-08T02:52:54.702014142', 'MAX_EL': 5.073442428054529, 'GS_NAME': 'KSAT', 'Pass_ID': 'KSAT29', 'LOS': '2024-11-08T02:53:19.882277823'}"
168,GS_pass,LOS,2024-11-08 02:53:19.882277823,50.36258609213928,"{'TCA': '2024-11-08T02:52:54.702014142', 'MAX_EL': 5.073442428054529, 'GS_NAME': 'KSAT', 'Pass_ID': 'KSAT29', 'AOS': None}"
169,Eclipse,Entry,2024-11-08 03:52:30.877682000,2079.4334254225373,"{'End Time': datetime.datetime(2024, 11, 8, 4, 27, 10, 311108)}"
170,Eclipse,Exit,2024-11-08 04:27:10.311108000,2079.4334254225373,"{'Start Time': datetime.datetime(2024, 11, 8, 3, 52, 30, 877682)}"
171,GS_pass,AOS,2024-11-08 04:29:46.239021232,118.14802017402671,"{'TCA': '2024-11-08T04:30:45.328339587', 'MAX_EL': 5.411243624462941, 'GS_NAME': 'KSAT', 'Pass_ID': 'KSAT30', 'LOS': '2024-11-08T04:31:44.387041406'}"
172,GS_pass,LOS,2024-11-08 04:31:44.387041406,118.14802017402671,"{'TCA': '2024-11-08T04:30:45.328339587', 'MAX_EL': 5.411243624462941, 'GS_NAME': 'KSAT', 'Pass_ID': 'KSAT30', 'AOS': None}"
173,GS_pass,AOS,2024-11-08 04:47:20.579265503,586.7385051537325,"{'TCA': '2024-11-08T04:52:13.869452421', 'MAX_EL': 42.79613185671532, 'GS_NAME': 'CLN01', 'Pass_ID': 'CLN0107', 'LOS': '2024-11-08T04:57:07.317770656'}"
174,GS_pass,LOS,2024-11-08 04:57:07.317770656,586.7385051537325,"{'TCA': '2024-11-08T04:52:13.869452421', 'MAX_EL': 42.79613185671532, 'GS_NAME': 'CLN01', 'Pass_ID': 'CLN0107', 'AOS': None}"
175,Eclipse,Entry,2024-11-08 05:28:55.782009000,2079.3910173491736,"{'End Time': datetime.datetime(2024, 11, 8, 6, 3, 35, 173026)}"
176,Eclipse,Exit,2024-11-08 06:03:35.173026000,2079.3910173491736,"{'Start Time': datetime.datetime(2024, 11, 8, 5, 28, 55, 782009)}"
177,GS_pass,AOS,2024-11-08 06:05:41.900550017,324.9050587619118,"{'TCA': '2024-11-08T06:08:24.538431883', 'MAX_EL': 8.631840009493395, 'GS_NAME': 'KSAT', 'Pass_ID': 'KSAT31', 'LOS': '2024-11-08T06:11:06.805608779'}"
178,GS_pass,LOS,2024-11-08 06:11:06.805608779,324.9050587619118,"{'TCA': '2024-11-08T06:08:24.538431883', 'MAX_EL': 8.631840009493395, 'GS_NAME': 'KSAT', 'Pass_ID': 'KSAT31', 'AOS': None}"
179,GS_pass,AOS,2024-11-08 06:25:51.734977486,167.30502724748013,"{'TCA': '2024-11-08T06:27:15.299612222', 'MAX_EL': 5.917058396731558, 'GS_NAME': 'CLN01', 'Pass_ID': 'CLN0108', 'LOS': '2024-11-08T06:28:39.040004733'}"
180,GS_pass,LOS,2024-11-08 06:28:39.040004733,167.30502724748013,"{'TCA': '2024-11-08T06:27:15.299612222', 'MAX_EL': 5.917058396731558, 'GS_NAME': 'CLN01', 'Pass_ID': 'CLN0108', 'AOS': None}"
181,Eclipse,Entry,2024-11-08 07:05:20.616723000,2079.355075437548,"{'End Time': datetime.datetime(2024, 11, 8, 7, 39, 59, 971799)}"
182,Eclipse,Exit,2024-11-08 07:39:59.971799000,2079.355075437548,"{'Start Time': datetime.datetime(2024, 11, 8, 7, 5, 20, 616723)}"
183,GS_pass,AOS,2024-11-08 07:41:39.343541300,476.10128363989213,"{'TCA': '2024-11-08T07:45:37.910503372', 'MAX_EL': 15.514342013915622, 'GS_NAME': 'KSAT', 'Pass_ID': 'KSAT32', 'LOS': '2024-11-08T07:49:35.444824940'}"
184,GS_pass,LOS,2024-11-08 07:49:35.444824940,476.10128363989213,"{'TCA': '2024-11-08T07:45:37.910503372', 'MAX_EL': 15.514342013915622, 'GS_NAME': 'KSAT', 'Pass_ID': 'KSAT32', 'AOS': None}"
185,Eclipse,Entry,2024-11-08 08:41:45.369930000,2079.348567217285,"{'End Time': datetime.datetime(2024, 11, 8, 9, 16, 24, 718498)}"
186,Eclipse,Exit,2024-11-08 09:16:24.718498000,2079.348567217285,"{'Start Time': datetime.datetime(2024, 11, 8, 8, 41, 45, 369930)}"
187,GS_pass,AOS,2024-11-08 09:17:33.091800053,569.4475808867237,"{'TCA': '2024-11-08T09:22:18.651512761', 'MAX_EL': 28.914134545195363, 'GS_NAME': 'KSAT', 'Pass_ID': 'KSAT33', 'LOS': '2024-11-08T09:27:02.539380940'}"
188,GS_pass,LOS,2024-11-08 09:27:02.539380940,569.4475808867237,"{'TCA': '2024-11-08T09:22:18.651512761', 'MAX_EL': 28.914134545195363, 'GS_NAME': 'KSAT', 'Pass_ID': 'KSAT33', 'AOS': None}"
189,GS_pass,AOS,2024-11-08 10:16:02.457848715,380.5624202551792,"{'TCA': '2024-11-08T10:19:13.584249905', 'MAX_EL': 10.387666799616298, 'GS_NAME': 'AWARUA01', 'Pass_ID': 'AWARUA0113', 'LOS': '2024-11-08T10:22:23.020268971'}"
190,Eclipse,Entry,2024-11-08 10:18:10.109259000,2079.337087832904,"{'End Time': datetime.datetime(2024, 11, 8, 10, 52, 49, 446347)}"
191,GS_pass,LOS,2024-11-08 10:22:23.020268971,380.5624202551792,"{'TCA': '2024-11-08T10:19:13.584249905', 'MAX_EL': 10.387666799616298, 'GS_NAME': 'AWARUA01', 'Pass_ID': 'AWARUA0113', 'AOS': None}"
192,Eclipse,Exit,2024-11-08 10:52:49.446347000,2079.337087832904,"{'Start Time': datetime.datetime(2024, 11, 8, 10, 18, 10, 109259)}"
193,GS_pass,AOS,2024-11-08 10:53:20.132778906,610.7331654077103,"{'TCA': '2024-11-08T10:58:26.436508711', 'MAX_EL': 57.05675575263556, 'GS_NAME': 'KSAT', 'Pass_ID': 'KSAT34', 'LOS': '2024-11-08T11:03:30.865944313'}"
194,GS_pass,LOS,2024-11-08 11:03:30.865944313,610.7331654077103,"{'TCA': '2024-11-08T10:58:26.436508711', 'MAX_EL': 57.05675575263556, 'GS_NAME': 'KSAT', 'Pass_ID': 'KSAT34', 'AOS': None}"
195,GS_pass,AOS,2024-11-08 11:07:39.539143432,291.46722072550637,"{'TCA': '2024-11-08T11:10:05.614451365', 'MAX_EL': 7.940838646531516, 'GS_NAME': 'AZORES01', 'Pass_ID': 'AZORES0110', 'LOS': '2024-11-08T11:12:31.006364158'}"
196,GS_pass,LOS,2024-11-08 11:12:31.006364158,291.46722072550637,"{'TCA': '2024-11-08T11:10:05.614451365', 'MAX_EL': 7.940838646531516, 'GS_NAME': 'AZORES01', 'Pass_ID': 'AZORES0110', 'AOS': None}"
197,GS_pass,AOS,2024-11-08 11:49:58.492435148,621.13638686424,"{'TCA': '2024-11-08T11:55:11.325856097', 'MAX_EL': 80.74727869073513, 'GS_NAME': 'AWARUA01', 'Pass_ID': 'AWARUA0114', 'LOS': '2024-11-08T12:00:19.628822012'}"
198,Eclipse,Entry,2024-11-08 11:54:34.808509000,2079.348019350551,"{'End Time': datetime.datetime(2024, 11, 8, 12, 29, 14, 156529)}"
199,GS_pass,LOS,2024-11-08 12:00:19.628822012,621.13638686424,"{'TCA': '2024-11-08T11:55:11.325856097', 'MAX_EL': 80.74727869073513, 'GS_NAME': 'AWARUA01', 'Pass_ID': 'AWARUA0114', 'AOS': None}"
200,GS_pass,AOS,2024-11-08 12:28:56.842678521,615.4740631654515,"{'TCA': '2024-11-08T12:34:05.410671856', 'MAX_EL': 79.95040721233099, 'GS_NAME': 'KSAT', 'Pass_ID': 'KSAT35', 'LOS': '2024-11-08T12:39:12.316741686'}"
201,Eclipse,Exit,2024-11-08 12:29:14.156529000,2079.348019350551,"{'Start Time': datetime.datetime(2024, 11, 8, 11, 54, 34, 808509)}"
202,GS_pass,LOS,2024-11-08 12:39:12.316741686,615.4740631654515,"{'TCA': '2024-11-08T12:34:05.410671856', 'MAX_EL': 79.95040721233099, 'GS_NAME': 'KSAT', 'Pass_ID': 'KSAT35', 'AOS': None}"
203,GS_pass,AOS,2024-11-08 12:40:48.848661889,604.4869504629263,"{'TCA': '2024-11-08T12:45:52.476755704', 'MAX_EL': 66.1283202402452, 'GS_NAME': 'AZORES01', 'Pass_ID': 'AZORES0111', 'LOS': '2024-11-08T12:50:53.335612352'}"
204,GS_pass,LOS,2024-11-08 12:50:53.335612352,604.4869504629263,"{'TCA': '2024-11-08T12:45:52.476755704', 'MAX_EL': 66.1283202402452, 'GS_NAME': 'AZORES01', 'Pass_ID': 'AZORES0111', 'AOS': None}"
205,GS_pass,AOS,2024-11-08 13:26:49.783437830,358.45620175808307,"{'TCA': '2024-11-08T13:29:49.334361819', 'MAX_EL': 9.932821257156752, 'GS_NAME': 'AWARUA01', 'Pass_ID': 'AWARUA0115', 'LOS': '2024-11-08T13:32:48.239639588'}"
206,Eclipse,Entry,2024-11-08 13:30:59.533022000,2079.37431839067,"{'End Time': datetime.datetime(2024, 11, 8, 14, 5, 38, 907340)}"
207,GS_pass,LOS,2024-11-08 13:32:48.239639588,358.45620175808307,"{'TCA': '2024-11-08T13:29:49.334361819', 'MAX_EL': 9.932821257156752, 'GS_NAME': 'AWARUA01', 'Pass_ID': 'AWARUA0115', 'AOS': None}"
208,GS_pass,AOS,2024-11-08 14:04:20.205526928,605.2815039560302,"{'TCA': '2024-11-08T14:09:23.402089766', 'MAX_EL': 54.61059469266614, 'GS_NAME': 'KSAT', 'Pass_ID': 'KSAT36', 'LOS': '2024-11-08T14:14:25.487030884'}"
209,Eclipse,Exit,2024-11-08 14:05:38.907340000,2079.37431839067,"{'Start Time': datetime.datetime(2024, 11, 8, 13, 30, 59, 533022)}"
210,GS_pass,LOS,2024-11-08 14:14:25.487030884,605.2815039560302,"{'TCA': '2024-11-08T14:09:23.402089766', 'MAX_EL': 54.61059469266614, 'GS_NAME': 'KSAT', 'Pass_ID': 'KSAT36', 'AOS': None}"
211,Eclipse,Entry,2024-11-08 15:07:24.327073000,2079.364292450568,"{'End Time': datetime.datetime(2024, 11, 8, 15, 42, 3, 691366)}"
212,GS_pass,AOS,2024-11-08 15:39:30.296164400,601.0008556921074,"{'TCA': '2024-11-08T15:44:31.111403768', 'MAX_EL': 49.29441950662884, 'GS_NAME': 'KSAT', 'Pass_ID': 'KSAT37', 'LOS': '2024-11-08T15:49:31.297020092'}"
213,Eclipse,Exit,2024-11-08 15:42:03.691366000,2079.364292450568,"{'Start Time': datetime.datetime(2024, 11, 8, 15, 7, 24, 327073)}"
214,GS_pass,LOS,2024-11-08 15:49:31.297020092,601.0008556921074,"{'TCA': '2024-11-08T15:44:31.111403768', 'MAX_EL': 49.29441950662884, 'GS_NAME': 'KSAT', 'Pass_ID': 'KSAT37', 'AOS': None}"
215,Eclipse,Entry,2024-11-08 16:43:49.193495000,2079.3370661839576,"{'End Time': datetime.datetime(2024, 11, 8, 17, 18, 28, 530562)}"
216,GS_pass,AOS,2024-11-08 16:53:59.091796302,609.7645765904623,"{'TCA': '2024-11-08T16:59:04.388514621', 'MAX_EL': 74.6704751044034, 'GS_NAME': 'CLN01', 'Pass_ID': 'CLN0109', 'LOS': '2024-11-08T17:04:08.856372892'}"
217,GS_pass,LOS,2024-11-08 17:04:08.856372892,609.7645765904623,"{'TCA': '2024-11-08T16:59:04.388514621', 'MAX_EL': 74.6704751044034, 'GS_NAME': 'CLN01', 'Pass_ID': 'CLN0109', 'AOS': None}"
218,GS_pass,AOS,2024-11-08 17:14:36.141187365,609.2171809375981,"{'TCA': '2024-11-08T17:19:40.842361332', 'MAX_EL': 59.877410755122256, 'GS_NAME': 'KSAT', 'Pass_ID': 'KSAT38', 'LOS': '2024-11-08T17:24:45.358368303'}"
219,Eclipse,Exit,2024-11-08 17:18:28.530562000,2079.3370661839576,"{'Start Time': datetime.datetime(2024, 11, 8, 16, 43, 49, 193495)}"
220,GS_pass,LOS,2024-11-08 17:24:45.358368303,609.2171809375981,"{'TCA': '2024-11-08T17:19:40.842361332', 'MAX_EL': 59.877410755122256, 'GS_NAME': 'KSAT', 'Pass_ID': 'KSAT38', 'AOS': None}"
221,Eclipse,Entry,2024-11-08 18:20:14.047841000,2079.3188322417177,"{'End Time': datetime.datetime(2024, 11, 8, 18, 54, 53, 366673)}"
222,GS_pass,AOS,2024-11-08 18:49:55.805475628,617.4822649454732,"{'TCA': '2024-11-08T18:55:04.418766418', 'MAX_EL': 87.17874603853843, 'GS_NAME': 'KSAT', 'Pass_ID': 'KSAT39', 'LOS': '2024-11-08T19:00:13.287740574'}"
223,Eclipse,Exit,2024-11-08 18:54:53.366673000,2079.3188322417177,"{'Start Time': datetime.datetime(2024, 11, 8, 18, 20, 14, 47841)}"
224,GS_pass,LOS,2024-11-08 19:00:13.287740574,617.4822649454732,"{'TCA': '2024-11-08T18:55:04.418766418', 'MAX_EL': 87.17874603853843, 'GS_NAME': 'KSAT', 'Pass_ID': 'KSAT39', 'AOS': None}"
225,Eclipse,Entry,2024-11-08 19:56:38.883680000,2079.303554997012,"{'End Time': datetime.datetime(2024, 11, 8, 20, 31, 18, 187235)}"
226,GS_pass,AOS,2024-11-08 20:25:50.099537048,603.6723134075911,"{'TCA': '2024-11-08T20:30:51.669531019', 'MAX_EL': 46.076880084925925, 'GS_NAME': 'KSAT', 'Pass_ID': 'KSAT40', 'LOS': '2024-11-08T20:35:53.771850455'}"
227,Eclipse,Exit,2024-11-08 20:31:18.187235000,2079.303554997012,"{'Start Time': datetime.datetime(2024, 11, 8, 19, 56, 38, 883680)}"
228,GS_pass,LOS,2024-11-08 20:35:53.771850455,603.6723134075911,"{'TCA': '2024-11-08T20:30:51.669531019', 'MAX_EL': 46.076880084925925, 'GS_NAME': 'KSAT', 'Pass_ID': 'KSAT40', 'AOS': None}"
229,GS_pass,AOS,2024-11-08 21:08:56.818501531,394.466235870783,"{'TCA': '2024-11-08T21:12:13.408478609', 'MAX_EL': 11.395228600973834, 'GS_NAME': 'AWARUA01', 'Pass_ID': 'AWARUA0116', 'LOS': '2024-11-08T21:15:31.284737402'}"
230,GS_pass,LOS,2024-11-08 21:15:31.284737402,394.466235870783,"{'TCA': '2024-11-08T21:12:13.408478609', 'MAX_EL': 11.395228600973834, 'GS_NAME': 'AWARUA01', 'Pass_ID': 'AWARUA0116', 'AOS': None}"
231,Eclipse,Entry,2024-11-08 21:33:03.633258000,2079.306235946933,"{'End Time': datetime.datetime(2024, 11, 8, 22, 7, 42, 939494)}"
232,GS_pass,AOS,2024-11-08 22:02:35.757415657,547.4686548006368,"{'TCA': '2024-11-08T22:07:09.170943882', 'MAX_EL': 23.7434771133313, 'GS_NAME': 'KSAT', 'Pass_ID': 'KSAT41', 'LOS': '2024-11-08T22:11:43.226070458'}"
233,Eclipse,Exit,2024-11-08 22:07:42.939494000,2079.306235946933,"{'Start Time': datetime.datetime(2024, 11, 8, 21, 33, 3, 633258)}"
234,GS_pass,LOS,2024-11-08 22:11:43.226070458,547.4686548006368,"{'TCA': '2024-11-08T22:07:09.170943882', 'MAX_EL': 23.7434771133313, 'GS_NAME': 'KSAT', 'Pass_ID': 'KSAT41', 'AOS': None}"
235,GS_pass,AOS,2024-11-08 22:41:50.043658717,618.8292396243232,"{'TCA': '2024-11-08T22:46:56.575930260', 'MAX_EL': 86.43029371083267, 'GS_NAME': 'AWARUA01', 'Pass_ID': 'AWARUA0117', 'LOS': '2024-11-08T22:52:08.872898342'}"
236,GS_pass,LOS,2024-11-08 22:52:08.872898342,618.8292396243232,"{'TCA': '2024-11-08T22:46:56.575930260', 'MAX_EL': 86.43029371083267, 'GS_NAME': 'AWARUA01', 'Pass_ID': 'AWARUA0117', 'AOS': None}"
237,Eclipse,Entry,2024-11-08 23:09:28.342393000,2079.3136565503787,"{'End Time': datetime.datetime(2024, 11, 8, 23, 44, 7, 656050)}"
238,GS_pass,AOS,2024-11-08 23:27:49.705197705,603.8976506414385,"{'TCA': '2024-11-08T23:32:50.796283136', 'MAX_EL': 57.130236187017125, 'GS_NAME': 'AZORES01', 'Pass_ID': 'AZORES0112', 'LOS': '2024-11-08T23:37:53.602848346'}"
239,GS_pass,LOS,2024-11-08 23:37:53.602848346,603.8976506414385,"{'TCA': '2024-11-08T23:32:50.796283136', 'MAX_EL': 57.130236187017125, 'GS_NAME': 'AZORES01', 'Pass_ID': 'AZORES0112', 'AOS': None}"
240,GS_pass,AOS,2024-11-08 23:40:22.180311844,436.1394051076049,"{'TCA': '2024-11-08T23:44:00.134425319', 'MAX_EL': 12.90374549157335, 'GS_NAME': 'KSAT', 'Pass_ID': 'KSAT42', 'LOS': '2024-11-08T23:47:38.319716952'}"
241,Eclipse,Exit,2024-11-08 23:44:07.656050000,2079.3136565503787,"{'Start Time': datetime.datetime(2024, 11, 8, 23, 9, 28, 342393)}"
242,GS_pass,LOS,2024-11-08 23:47:38.319716952,436.1394051076049,"{'TCA': '2024-11-08T23:44:00.134425319', 'MAX_EL': 12.90374549157335, 'GS_NAME': 'KSAT', 'Pass_ID': 'KSAT42', 'AOS': None}"
243,GS_pass,AOS,2024-11-09 00:20:21.558103110,319.2441873871664,"{'TCA': '2024-11-09T00:23:00.485637058', 'MAX_EL': 8.514607149466856, 'GS_NAME': 'AWARUA01', 'Pass_ID': 'AWARUA0118', 'LOS': '2024-11-09T00:25:40.802290497'}"
244,GS_pass,LOS,2024-11-09 00:25:40.802290497,319.2441873871664,"{'TCA': '2024-11-09T00:23:00.485637058', 'MAX_EL': 8.514607149466856, 'GS_NAME': 'AWARUA01', 'Pass_ID': 'AWARUA0118', 'AOS': None}"
245,Eclipse,Entry,2024-11-09 00:45:53.060541000,2079.305121046192,"{'End Time': datetime.datetime(2024, 11, 9, 1, 20, 32, 365662)}"
246,GS_pass,AOS,2024-11-09 01:05:37.640223517,352.03425908837795,"{'TCA': '2024-11-09T01:08:33.224765771', 'MAX_EL': 9.576542392019979, 'GS_NAME': 'AZORES01', 'Pass_ID': 'AZORES0113', 'LOS': '2024-11-09T01:11:29.674482605'}"
247,GS_pass,LOS,2024-11-09 01:11:29.674482605,352.03425908837795,"{'TCA': '2024-11-09T01:08:33.224765771', 'MAX_EL': 9.576542392019979, 'GS_NAME': 'AZORES01', 'Pass_ID': 'AZORES0113', 'AOS': None}"
248,GS_pass,AOS,2024-11-09 01:19:08.709776716,267.3381485433821,"{'TCA': '2024-11-09T01:21:22.365807233', 'MAX_EL': 7.30719360188038, 'GS_NAME': 'KSAT', 'Pass_ID': 'KSAT43', 'LOS': '2024-11-09T01:23:36.047925260'}"
249,Eclipse,Exit,2024-11-09 01:20:32.365662000,2079.305121046192,"{'Start Time': datetime.datetime(2024, 11, 9, 0, 45, 53, 60541)}"
250,GS_pass,LOS,2024-11-09 01:23:36.047925260,267.3381485433821,"{'TCA': '2024-11-09T01:21:22.365807233', 'MAX_EL': 7.30719360188038, 'GS_NAME': 'KSAT', 'Pass_ID': 'KSAT43', 'AOS': None}"
251,Eclipse,Entry,2024-11-09 02:22:17.791452000,2079.28385591639,"{'End Time': datetime.datetime(2024, 11, 9, 2, 56, 57, 75308)}"
252,Eclipse,Exit,2024-11-09 02:56:57.075308000,2079.28385591639,"{'Start Time': datetime.datetime(2024, 11, 9, 2, 22, 17, 791452)}"
253,GS_pass,AOS,2024-11-09 02:58:58.009755563,17.67800442455382,"{'TCA': '2024-11-09T02:59:06.851639757', 'MAX_EL': 5.009018477464149, 'GS_NAME': 'KSAT', 'Pass_ID': 'KSAT44', 'LOS': '2024-11-09T02:59:15.687759987'}"
254,GS_pass,LOS,2024-11-09 02:59:15.687759987,17.67800442455382,"{'TCA': '2024-11-09T02:59:06.851639757', 'MAX_EL': 5.009018477464149, 'GS_NAME': 'KSAT', 'Pass_ID': 'KSAT44', 'AOS': None}"
255,Eclipse,Entry,2024-11-09 03:58:42.590944000,2079.2656563524592,"{'End Time': datetime.datetime(2024, 11, 9, 4, 33, 21, 856601)}"
256,Eclipse,Exit,2024-11-09 04:33:21.856601000,2079.2656563524592,"{'Start Time': datetime.datetime(2024, 11, 9, 3, 58, 42, 590944)}"
257,GS_pass,AOS,2024-11-09 04:35:50.836998946,132.8711700295715,"{'TCA': '2024-11-09T04:36:57.292839860', 'MAX_EL': 5.523170538248081, 'GS_NAME': 'KSAT', 'Pass_ID': 'KSAT45', 'LOS': '2024-11-09T04:38:03.708168975'}"
258,GS_pass,LOS,2024-11-09 04:38:03.708168975,132.8711700295715,"{'TCA': '2024-11-09T04:36:57.292839860', 'MAX_EL': 5.523170538248081, 'GS_NAME': 'KSAT', 'Pass_ID': 'KSAT45', 'AOS': None}"
259,GS_pass,AOS,2024-11-09 04:53:17.573431079,596.9414083497759,"{'TCA': '2024-11-09T04:58:15.886607689', 'MAX_EL': 53.579758396465635, 'GS_NAME': 'CLN01', 'Pass_ID': 'CLN0110', 'LOS': '2024-11-09T05:03:14.514839429'}"
260,GS_pass,LOS,2024-11-09 05:03:14.514839429,596.9414083497759,"{'TCA': '2024-11-09T04:58:15.886607689', 'MAX_EL': 53.579758396465635, 'GS_NAME': 'CLN01', 'Pass_ID': 'CLN0110', 'AOS': None}"
